airline,origin,delay
9E,ABE,6
9E,ALB,10
9E,ALO,9
9E,ATL,9
9E,ATW,5
9E,AUS,5
9E,AVL,6
9E,AVP,9
9E,AZO,6
9E,BDL,6
9E,BGM,8
9E,BGR,8
9E,BHM,6
9E,BIL,13
9E,BIS,9
9E,BJI,4
9E,BNA,8
9E,BOS,11
9E,BTR,4
9E,BTV,8
9E,BUF,7
9E,BWI,6
9E,BZN,37
9E,CAE,7
9E,CAK,4
9E,CHA,1
9E,CHS,5
9E,CID,6
9E,CLE,5
9E,CLT,6
9E,CMH,8
9E,CMX,10
9E,COS,6
9E,CPR,8
9E,CRW,0
9E,CVG,9
9E,CWA,7
9E,DAY,7
9E,DCA,8
9E,DEN,9
9E,DFW,12
9E,DLH,5
9E,DSM,9
9E,DTW,8
9E,EAU,6
9E,ELM,5
9E,ERI,4
9E,EVV,3
9E,EWR,43
9E,FAR,6
9E,FCA,18
9E,FLL,9
9E,FNT,6
9E,FSD,6
9E,FSM,1
9E,FWA,13
9E,GFK,4
9E,GLH,-5
9E,GPT,3
9E,GRB,8
9E,GRR,9
9E,GSO,6
9E,GSP,5
9E,GTF,12
9E,HLN,12
9E,HOU,8
9E,HPN,11
9E,HSV,6
9E,IAD,9
9E,IAH,8
9E,ICT,5
9E,IDA,13
9E,IND,9
9E,INL,5
9E,ITH,7
9E,JAN,5
9E,JAX,6
9E,LAN,6
9E,LEX,5
9E,LGA,13
9E,LIT,8
9E,LNK,5
9E,LSE,5
9E,MBS,5
9E,MCI,9
9E,MCO,33
9E,MDT,10
9E,MDW,16
9E,MEM,7
9E,MGM,4
9E,MHT,1
9E,MIA,22
9E,MKE,3
9E,MLI,6
9E,MOB,3
9E,MSN,6
9E,MSO,52
9E,MSP,7
9E,MSY,5
9E,MYR,11
9E,OKC,11
9E,OMA,7
9E,ORD,35
9E,ORF,12
9E,PFN,4
9E,PHL,13
9E,PIA,3
9E,PIR,32
9E,PIT,6
9E,PLN,5
9E,PNS,4
9E,PWM,11
9E,RAP,2
9E,RDU,4
9E,RHI,5
9E,RIC,8
9E,ROA,5
9E,ROC,10
9E,RST,4
9E,RSW,10
9E,SAT,7
9E,SAV,4
9E,SBN,15
9E,SCE,8
9E,SDF,4
9E,SGF,7
9E,SHV,7
9E,SLC,10
9E,SRQ,20
9E,STL,8
9E,STX,20
9E,SUX,7
9E,SWF,10
9E,SYR,9
9E,TLH,4
9E,TPA,10
9E,TRI,-1
9E,TUL,9
9E,TVC,6
9E,TYS,7
9E,XNA,7
AA,ABQ,4
AA,ALB,4
AA,AMA,3
AA,ANC,19
AA,ATL,10
AA,AUS,4
AA,BDL,5
AA,BFL,2
AA,BHM,4
AA,BNA,5
AA,BOS,9
AA,BTR,9
AA,BUF,5
AA,BUR,4
AA,BWI,7
AA,CID,-2
AA,CLE,4
AA,CLT,2
AA,CMH,3
AA,COS,4
AA,CVG,3
AA,DAL,2
AA,DAY,4
AA,DCA,6
AA,DEN,7
AA,DFW,10
AA,DRO,6
AA,DSM,1
AA,DTW,6
AA,EGE,14
AA,ELP,5
AA,EWR,10
AA,FAT,3
AA,FLL,10
AA,GSO,4
AA,GUC,14
AA,HDN,23
AA,HNL,3
AA,HOU,11
AA,HPN,8
AA,HSV,2
AA,IAD,5
AA,IAH,6
AA,ICT,3
AA,IND,4
AA,ISP,6
AA,JAC,22
AA,JAX,5
AA,JFK,12
AA,KOA,10
AA,LAS,9
AA,LAX,8
AA,LGA,10
AA,LGB,3
AA,LIH,7
AA,LIT,1
AA,MCI,6
AA,MCO,9
AA,MDT,6
AA,MDW,6
AA,MEM,5
AA,MFE,3
AA,MIA,13
AA,MKE,0
AA,MKK,0
AA,MLI,0
AA,MSP,7
AA,MSY,6
AA,MTJ,7
AA,OAK,5
AA,OGG,6
AA,OKC,3
AA,OMA,3
AA,ONT,3
AA,ORD,12
AA,ORF,5
AA,PBI,8
AA,PDX,7
AA,PHL,8
AA,PHX,7
AA,PIA,0
AA,PIT,3
AA,PSP,7
AA,PVD,8
AA,RDU,7
AA,RIC,4
AA,RNO,10
AA,ROC,7
AA,RST,3
AA,RSW,8
AA,SAN,6
AA,SAT,5
AA,SDF,4
AA,SEA,8
AA,SFO,8
AA,SGF,0
AA,SHV,42
AA,SJC,5
AA,SJU,8
AA,SLC,6
AA,SMF,3
AA,SNA,6
AA,STL,4
AA,STT,6
AA,STX,5
AA,SWF,5
AA,SYR,5
AA,TPA,7
AA,TUL,6
AA,TUS,6
AA,TYS,1
AA,XNA,9
AQ,HNL,1
AQ,ITO,0
AQ,KOA,2
AQ,LAS,1
AQ,LIH,0
AQ,OAK,5
AQ,OGG,2
AQ,RNO,0
AQ,SAN,3
AQ,SMF,-1
AQ,SNA,4
AS,ADK,20
AS,ADQ,8
AS,AKN,12
AS,ANC,8
AS,BET,10
AS,BOI,11
AS,BOS,13
AS,BRW,11
AS,BUR,9
AS,CDV,9
AS,DCA,4
AS,DEN,7
AS,DFW,8
AS,DLG,12
AS,DUT,12
AS,EWR,11
AS,FAI,6
AS,GEG,8
AS,GST,8
AS,HNL,8
AS,IAD,6
AS,JNU,12
AS,KOA,12
AS,KTN,8
AS,LAS,11
AS,LAX,10
AS,LGB,6
AS,LIH,0
AS,MCO,11
AS,MIA,9
AS,MSP,7
AS,OAK,6
AS,OGG,5
AS,OME,12
AS,ONT,8
AS,ORD,17
AS,OTZ,11
AS,PDX,6
AS,PHX,9
AS,PSG,13
AS,PSP,9
AS,RNO,10
AS,SAN,7
AS,SCC,8
AS,SEA,10
AS,SFO,12
AS,SIT,7
AS,SJC,6
AS,SMF,10
AS,SNA,5
AS,TUS,8
AS,WRG,10
AS,YAK,8
B6,ACK,41
B6,ATL,5
B6,AUS,11
B6,BNA,13
B6,BOS,9
B6,BQN,2
B6,BTV,8
B6,BUF,11
B6,BUR,10
B6,CLT,17
B6,CMH,15
B6,DEN,11
B6,EWR,19
B6,FLL,14
B6,HOU,13
B6,HPN,8
B6,IAD,10
B6,JAX,13
B6,JFK,11
B6,LAS,9
B6,LAX,224
B6,LGA,16
B6,LGB,5
B6,MCO,14
B6,MSY,10
B6,OAK,3
B6,ONT,16
B6,ORD,22
B6,PBI,15
B6,PDX,17
B6,PHX,15
B6,PIT,15
B6,PSE,2
B6,PWM,15
B6,RDU,14
B6,RIC,12
B6,ROC,11
B6,RSW,14
B6,SAN,7
B6,SEA,12
B6,SFO,14
B6,SJC,7
B6,SJU,6
B6,SLC,3
B6,SMF,5
B6,SRQ,21
B6,SWF,5
B6,SYR,9
B6,TPA,11
B6,TUS,14
CO,ABQ,1
CO,ACK,24
CO,AGS,2
CO,AMA,-1
CO,ANC,9
CO,ATL,12
CO,AUS,5
CO,BDL,1
CO,BHM,3
CO,BNA,6
CO,BOS,11
CO,BQN,6
CO,BRO,1
CO,BTR,4
CO,BTV,-7
CO,BUF,8
CO,BWI,3
CO,CAE,18
CO,CHS,9
CO,CLE,4
CO,CLT,9
CO,CMH,9
CO,COS,2
CO,CRP,3
CO,CVG,12
CO,DAB,15
CO,DAY,49
CO,DCA,5
CO,DEN,6
CO,DFW,7
CO,DTW,8
CO,EGE,8
CO,ELP,1
CO,EWR,10
CO,FLL,9
CO,GPT,0
CO,GSO,6
CO,GUC,-2
CO,HDN,5
CO,HNL,1
CO,HOU,0
CO,IAD,4
CO,IAH,8
CO,IND,12
CO,JAC,-1
CO,JAX,10
CO,JFK,7
CO,LAS,5
CO,LAX,6
CO,LBB,3
CO,LFT,1
CO,LGA,8
CO,LIT,6
CO,MAF,5
CO,MCI,4
CO,MCO,8
CO,MDW,11
CO,MEM,1
CO,MFE,3
CO,MHT,2
CO,MIA,9
CO,MKE,4
CO,MLB,11
CO,MSP,7
CO,MSY,5
CO,MTJ,3
CO,MYR,14
CO,OAK,4
CO,OGG,1
CO,OKC,2
CO,OMA,2
CO,ONT,2
CO,ORD,14
CO,ORF,5
CO,PBI,10
CO,PDX,5
CO,PHL,5
CO,PHX,4
CO,PIT,5
CO,PNS,1
CO,PSE,0
CO,PSP,1
CO,PVD,2
CO,PWM,6
CO,RDU,8
CO,RIC,5
CO,RNO,3
CO,ROC,3
CO,RSW,7
CO,SAN,4
CO,SAT,6
CO,SAV,12
CO,SDF,4
CO,SEA,6
CO,SFO,6
CO,SHV,2
CO,SJC,2
CO,SJU,6
CO,SLC,5
CO,SMF,4
CO,SNA,2
CO,SRQ,8
CO,STL,10
CO,STT,4
CO,SYR,75
CO,TPA,8
CO,TUL,3
CO,TUS,4
CO,TYS,13
CO,XNA,5
DH,ABE,5
DH,ACY,1
DH,ALB,7
DH,ATL,10
DH,ATW,1
DH,AUS,2
DH,AVL,3
DH,AVP,11
DH,AZO,5
DH,BDL,6
DH,BGM,1
DH,BGR,2
DH,BHM,21
DH,BMI,9
DH,BNA,11
DH,BOS,9
DH,BTV,7
DH,BUF,6
DH,BWI,10
DH,CAE,9
DH,CAK,14
DH,CHA,5
DH,CHO,0
DH,CHS,7
DH,CID,7
DH,CLE,6
DH,CLT,7
DH,CMH,3
DH,CMI,5
DH,COS,16
DH,CRW,4
DH,CVG,8
DH,DAY,4
DH,DCA,6
DH,DSM,5
DH,DTW,4
DH,ERI,1
DH,EVV,1
DH,EWR,11
DH,FAR,11
DH,FNT,4
DH,FSD,12
DH,FWA,7
DH,GRB,8
DH,GRR,14
DH,GSO,3
DH,GSP,5
DH,HPN,10
DH,HSV,2
DH,IAD,9
DH,ICT,14
DH,IND,6
DH,JAX,8
DH,JFK,8
DH,LAN,6
DH,LAS,7
DH,LAX,19
DH,LEX,11
DH,LGA,9
DH,LNK,11
DH,MBS,10
DH,MCO,7
DH,MDT,7
DH,MDW,1
DH,MEM,10
DH,MHT,6
DH,MKE,6
DH,MLI,12
DH,MSN,5
DH,MSY,13
DH,OKC,17
DH,ORD,18
DH,ORF,9
DH,PBI,14
DH,PHL,9
DH,PIA,8
DH,PIT,5
DH,PVD,6
DH,PWM,9
DH,RDU,5
DH,RIC,4
DH,ROA,3
DH,ROC,4
DH,RSW,11
DH,SAN,3
DH,SAV,6
DH,SBN,6
DH,SCE,0
DH,SDF,5
DH,SEA,10
DH,SFO,9
DH,SGF,9
DH,SJC,3
DH,SJU,18
DH,STL,9
DH,SWF,4
DH,SYR,6
DH,TOL,4
DH,TPA,6
DH,TRI,5
DH,TUL,15
DH,TVC,17
DH,TYS,6
DH,XNA,4
DL,ABE,5
DL,ABQ,4
DL,AGS,4
DL,ALB,5
DL,ANC,2
DL,ATL,9
DL,AUS,6
DL,BDL,5
DL,BGR,0
DL,BHM,5
DL,BIL,3
DL,BNA,6
DL,BOI,2
DL,BOS,6
DL,BTR,7
DL,BUF,6
DL,BUR,4
DL,BWI,7
DL,BZN,1
DL,CAE,8
DL,CAK,8
DL,CHS,6
DL,CLE,3
DL,CLT,7
DL,CMH,3
DL,COS,5
DL,CVG,6
DL,DAB,6
DL,DAY,5
DL,DCA,4
DL,DEN,5
DL,DFW,7
DL,DTW,7
DL,EGE,9
DL,ELP,4
DL,EWR,10
DL,FAI,1
DL,FAT,5
DL,FAY,5
DL,FCA,23
DL,FLL,10
DL,FWA,4
DL,GEG,2
DL,GPT,8
DL,GRR,3
DL,GSO,7
DL,GSP,4
DL,GTF,12
DL,GUC,7
DL,HDN,10
DL,HLN,1
DL,HNL,3
DL,HOU,6
DL,HSV,6
DL,IAD,7
DL,IAH,7
DL,ICT,10
DL,IDA,2
DL,IND,5
DL,ISP,5
DL,JAC,6
DL,JAN,6
DL,JAX,6
DL,JFK,11
DL,KOA,-1
DL,LAS,5
DL,LAX,7
DL,LEX,7
DL,LGA,6
DL,LIH,0
DL,LIT,5
DL,MCI,5
DL,MCO,6
DL,MDT,6
DL,MDW,7
DL,MEM,7
DL,MGM,3
DL,MHT,4
DL,MIA,9
DL,MKE,4
DL,MLB,4
DL,MLU,4
DL,MOB,6
DL,MSO,1
DL,MSP,5
DL,MSY,4
DL,MTJ,20
DL,MYR,7
DL,OAK,6
DL,OGG,2
DL,OKC,5
DL,OMA,4
DL,ONT,4
DL,ORD,8
DL,ORF,6
DL,PBI,7
DL,PDX,3
DL,PHF,3
DL,PHL,7
DL,PHX,3
DL,PIT,4
DL,PNS,6
DL,PSC,0
DL,PSP,3
DL,PVD,5
DL,PWM,4
DL,RDU,4
DL,RIC,6
DL,RNO,6
DL,ROC,9
DL,RSW,6
DL,SAN,2
DL,SAT,5
DL,SAV,7
DL,SBN,2
DL,SDF,5
DL,SEA,5
DL,SFO,5
DL,SHV,5
DL,SJC,4
DL,SJU,4
DL,SLC,5
DL,SMF,6
DL,SNA,6
DL,SRQ,5
DL,STL,6
DL,STT,4
DL,STX,4
DL,SWF,2
DL,SYR,4
DL,TLH,7
DL,TOL,4
DL,TPA,6
DL,TUL,5
DL,TUS,2
DL,TYS,6
DL,VPS,8
EV,ABE,14
EV,ABI,1
EV,ABQ,14
EV,ABY,9
EV,ACY,20
EV,AEX,11
EV,AGS,12
EV,ALB,15
EV,AMA,2
EV,APF,10
EV,ATL,15
EV,ATW,11
EV,AUS,10
EV,AVL,12
EV,AVP,15
EV,AZO,9
EV,BDL,20
EV,BGM,13
EV,BGR,24
EV,BHM,7
EV,BIL,4
EV,BMI,14
EV,BNA,11
EV,BOI,5
EV,BOS,6
EV,BPT,5
EV,BQK,8
EV,BTR,15
EV,BTV,20
EV,BUF,15
EV,BWI,19
EV,BZN,8
EV,CAE,12
EV,CAK,16
EV,CHA,10
EV,CHO,8
EV,CHS,9
EV,CID,15
EV,CLE,16
EV,CLT,12
EV,CMH,11
EV,CMI,6
EV,CRP,11
EV,CRW,12
EV,CSG,8
EV,CVG,9
EV,DAB,17
EV,DAL,17
EV,DAY,10
EV,DCA,7
EV,DEN,7
EV,DFW,8
EV,DHN,11
EV,DSM,12
EV,DTW,14
EV,ELP,2
EV,ERI,14
EV,EVV,10
EV,EWN,11
EV,EWR,27
EV,EYW,18
EV,FAY,13
EV,FCA,2
EV,FLL,2
EV,FLO,9
EV,FNT,13
EV,FSD,19
EV,FSM,11
EV,FWA,13
EV,GEG,6
EV,GNV,12
EV,GPT,11
EV,GRB,8
EV,GRK,16
EV,GRR,13
EV,GSO,13
EV,GSP,8
EV,GTR,11
EV,HDN,7
EV,HHH,18
EV,HKY,8
EV,HOU,9
EV,HPN,16
EV,HSV,9
EV,HTS,4
EV,IAD,12
EV,IAH,11
EV,ICT,15
EV,ILE,3
EV,ILG,14
EV,ILM,12
EV,IND,15
EV,ISO,12
EV,ISP,17
EV,JAC,6
EV,JAN,9
EV,JAX,7
EV,JFK,13
EV,LAN,13
EV,LAS,12
EV,LAW,6
EV,LAX,11
EV,LBB,3
EV,LEX,11
EV,LFT,13
EV,LGA,26
EV,LIT,11
EV,LWB,10
EV,LYH,6
EV,MAF,3
EV,MCI,6
EV,MCN,12
EV,MCO,4
EV,MDT,12
EV,MDW,17
EV,MEI,11
EV,MEM,11
EV,MFE,16
EV,MGM,12
EV,MHT,16
EV,MIA,1
EV,MKE,13
EV,MLB,11
EV,MLI,15
EV,MLU,9
EV,MOB,12
EV,MSN,12
EV,MSO,2
EV,MSP,15
EV,MSY,9
EV,MTH,15
EV,MYR,14
EV,OAJ,12
EV,OAK,10
EV,OKC,9
EV,OMA,15
EV,ONT,8
EV,ORD,12
EV,ORF,13
EV,PBI,7
EV,PDX,9
EV,PFN,13
EV,PHF,12
EV,PHL,14
EV,PHX,4
EV,PIA,11
EV,PIH,0
EV,PIT,11
EV,PNS,13
EV,PSC,7
EV,PSP,10
EV,PVD,16
EV,PVU,0
EV,PWM,17
EV,RAP,-2
EV,RDU,9
EV,RIC,15
EV,RNO,7
EV,ROA,12
EV,ROC,15
EV,RSW,0
EV,SAN,5
EV,SAT,9
EV,SAV,8
EV,SBN,14
EV,SCE,14
EV,SDF,13
EV,SEA,7
EV,SFO,10
EV,SGF,11
EV,SHV,10
EV,SJC,2
EV,SLC,11
EV,SMF,7
EV,SNA,7
EV,SOP,24
EV,SRQ,17
EV,STL,13
EV,SWF,18
EV,SYR,13
EV,TLH,15
EV,TOL,10
EV,TPA,5
EV,TRI,9
EV,TUL,13
EV,TUP,8
EV,TUS,3
EV,TVC,14
EV,TXK,3
EV,TYR,0
EV,TYS,9
EV,VLD,11
EV,VPS,11
EV,XNA,12
F9,ABQ,0
F9,ANC,16
F9,ATL,6
F9,AUS,2
F9,BDL,0
F9,BNA,3
F9,BOI,1
F9,BTR,16
F9,BWI,0
F9,BZN,-25
F9,CAK,1
F9,CLT,-3
F9,DAY,1
F9,DCA,1
F9,DEN,7
F9,DFW,4
F9,DTW,3
F9,ELP,15
F9,FAT,-1
F9,FLL,5
F9,GEG,3
F9,IAH,5
F9,IND,4
F9,JAC,0
F9,JAX,5
F9,LAS,5
F9,LAX,5
F9,LGA,11
F9,MCI,2
F9,MCO,3
F9,MDW,4
F9,MEM,3
F9,MKE,4
F9,MSP,6
F9,MSY,4
F9,OKC,0
F9,OMA,2
F9,PBI,-2
F9,PDX,5
F9,PHL,6
F9,PHX,5
F9,RNO,-2
F9,RSW,3
F9,SAN,5
F9,SAT,2
F9,SDF,4
F9,SEA,7
F9,SFO,5
F9,SJC,2
F9,SLC,5
F9,SMF,2
F9,SNA,2
F9,STL,2
F9,TPA,3
F9,TUL,-3
F9,TUS,1
FL,ATL,13
FL,BMI,8
FL,BOS,9
FL,BTV,3
FL,BUF,7
FL,BWI,7
FL,CAK,8
FL,CHS,5
FL,CLT,9
FL,CMH,1
FL,DAB,5
FL,DAY,6
FL,DCA,7
FL,DEN,5
FL,DFW,9
FL,DTW,6
FL,EWR,21
FL,FLL,7
FL,FNT,7
FL,GPT,8
FL,GSO,7
FL,HOU,10
FL,HPN,8
FL,IAD,10
FL,ICT,6
FL,IND,5
FL,JAX,8
FL,LAS,5
FL,LAX,4
FL,LGA,16
FL,MCI,6
FL,MCO,8
FL,MDT,0
FL,MDW,10
FL,MEM,9
FL,MIA,8
FL,MKE,8
FL,MLI,7
FL,MSP,6
FL,MSY,10
FL,MYR,12
FL,PBI,7
FL,PHF,8
FL,PHL,13
FL,PHX,1
FL,PIT,6
FL,PNS,11
FL,PWM,3
FL,RDU,8
FL,RIC,6
FL,ROC,4
FL,RSW,5
FL,SAN,5
FL,SAT,11
FL,SAV,12
FL,SEA,12
FL,SFO,9
FL,SJU,4
FL,SRQ,6
FL,STL,4
FL,SWF,4
FL,TLH,0
FL,TPA,6
HA,ANC,4
HA,HNL,0
HA,ITO,-3
HA,KOA,-2
HA,LAS,5
HA,LAX,6
HA,LIH,-2
HA,LNY,-4
HA,MKK,-2
HA,OAK,14
HA,OGG,-1
HA,ONT,9
HA,PDX,4
HA,PHX,3
HA,PIT,52
HA,SAN,7
HA,SEA,7
HA,SFO,9
HA,SJC,7
HA,SMF,7
HP,ABQ,6
HP,ANC,10
HP,ATL,10
HP,AUS,2
HP,BDL,6
HP,BOI,3
HP,BOS,9
HP,BUR,4
HP,BWI,12
HP,CLE,10
HP,CMH,10
HP,COS,4
HP,DCA,6
HP,DEN,6
HP,DFW,6
HP,DSM,6
HP,DTW,9
HP,ELP,5
HP,EWR,14
HP,FCA,9
HP,FLL,10
HP,GEG,4
HP,HNL,12
HP,IAD,8
HP,IAH,7
HP,ICT,7
HP,IND,9
HP,JFK,13
HP,LAS,11
HP,LAX,9
HP,LGA,10
HP,LGB,4
HP,MCI,6
HP,MCO,11
HP,MDW,10
HP,MIA,9
HP,MKE,6
HP,MSP,6
HP,MSY,2
HP,OAK,5
HP,OGG,2
HP,OMA,6
HP,ONT,4
HP,ORD,13
HP,PBI,12
HP,PDX,6
HP,PHL,9
HP,PHX,11
HP,PIT,4
HP,PSP,9
HP,RDU,4
HP,RNO,5
HP,RSW,6
HP,SAN,7
HP,SAT,3
HP,SBN,0
HP,SEA,10
HP,SFO,9
HP,SJC,3
HP,SLC,7
HP,SMF,5
HP,SNA,5
HP,STL,7
HP,TPA,10
HP,TUS,6
MQ,ABI,3
MQ,ABQ,11
MQ,ACT,1
MQ,ACY,106
MQ,AEX,8
MQ,ALB,8
MQ,AMA,6
MQ,APF,3
MQ,ATL,22
MQ,AUS,7
MQ,AZO,6
MQ,BDL,8
MQ,BFL,6
MQ,BGR,9
MQ,BHM,22
MQ,BMI,6
MQ,BNA,10
MQ,BOI,8
MQ,BOS,12
MQ,BPT,2
MQ,BTR,8
MQ,BTV,8
MQ,BUF,11
MQ,BWI,11
MQ,CAE,7
MQ,CHA,6
MQ,CHS,12
MQ,CID,6
MQ,CLE,11
MQ,CLL,1
MQ,CLT,12
MQ,CMH,11
MQ,CMI,7
MQ,COS,18
MQ,CRP,6
MQ,CVG,8
MQ,CWA,7
MQ,DAL,5
MQ,DAY,7
MQ,DBQ,5
MQ,DCA,8
MQ,DFW,9
MQ,DLH,6
MQ,DRO,1
MQ,DSM,9
MQ,DTW,13
MQ,ELP,8
MQ,EVV,9
MQ,EWR,13
MQ,EYW,3
MQ,FAT,1
MQ,FLL,8
MQ,FNT,11
MQ,FSD,10
MQ,FSM,3
MQ,FWA,6
MQ,GGG,0
MQ,GJT,9
MQ,GPT,13
MQ,GRB,10
MQ,GRK,5
MQ,GRR,8
MQ,GSO,7
MQ,GSP,6
MQ,HOU,7
MQ,HPN,12
MQ,HRL,9
MQ,HSV,7
MQ,IAD,11
MQ,IAH,6
MQ,ICT,9
MQ,ILE,0
MQ,IND,9
MQ,ISP,5
MQ,JAN,7
MQ,JAX,10
MQ,JFK,11
MQ,LAS,8
MQ,LAW,1
MQ,LAX,2
MQ,LBB,6
MQ,LEX,7
MQ,LFT,6
MQ,LGA,11
MQ,LIT,10
MQ,LNK,6
MQ,LRD,7
MQ,LSE,7
MQ,MAF,6
MQ,MAZ,4
MQ,MCI,9
MQ,MCO,5
MQ,MDT,11
MQ,MDW,11
MQ,MEM,10
MQ,MHT,9
MQ,MIA,8
MQ,MKE,8
MQ,MLI,8
MQ,MLU,7
MQ,MOB,9
MQ,MQT,9
MQ,MRY,0
MQ,MSN,9
MQ,MSP,11
MQ,MSY,21
MQ,MTJ,15
MQ,OAK,8
MQ,OKC,9
MQ,OMA,11
MQ,ORD,12
MQ,ORF,10
MQ,ORH,6
MQ,PHL,8
MQ,PHX,3
MQ,PIA,6
MQ,PIT,11
MQ,PNS,9
MQ,PSP,2
MQ,PVD,10
MQ,PWM,7
MQ,RDU,9
MQ,RIC,10
MQ,ROC,12
MQ,ROW,8
MQ,RST,9
MQ,RSW,2
MQ,SAN,0
MQ,SAT,4
MQ,SAV,8
MQ,SBA,0
MQ,SBN,12
MQ,SBP,2
MQ,SDF,11
MQ,SFO,4
MQ,SGF,9
MQ,SHV,3
MQ,SJC,3
MQ,SJT,1
MQ,SJU,6
MQ,SNA,4
MQ,SPI,19
MQ,SPS,1
MQ,SRQ,4
MQ,STL,9
MQ,STT,0
MQ,STX,9
MQ,SWF,7
MQ,SYR,10
MQ,TLH,5
MQ,TOL,6
MQ,TPA,5
MQ,TUL,9
MQ,TVC,10
MQ,TXK,1
MQ,TYR,1
MQ,TYS,7
MQ,VPS,11
MQ,XNA,10
NW,ABE,2
NW,ABQ,4
NW,ALB,4
NW,ANC,5
NW,ATL,6
NW,AUS,1
NW,AZO,3
NW,BDL,3
NW,BHM,0
NW,BIL,0
NW,BIS,0
NW,BNA,4
NW,BOI,3
NW,BOS,6
NW,BTR,1
NW,BTV,3
NW,BUF,2
NW,BWI,5
NW,BZN,3
NW,CHS,3
NW,CID,1
NW,CLE,4
NW,CLT,5
NW,CMH,4
NW,COS,4
NW,CVG,3
NW,DAY,2
NW,DCA,3
NW,DEN,5
NW,DFW,2
NW,DLH,3
NW,DSM,2
NW,DTW,9
NW,EGE,14
NW,EWR,7
NW,FAI,6
NW,FAR,1
NW,FCA,3
NW,FLL,7
NW,FNT,2
NW,FSD,1
NW,FWA,2
NW,GEG,4
NW,GFK,2
NW,GPT,1
NW,GRB,1
NW,GRR,3
NW,GSO,1
NW,GSP,2
NW,GTF,-1
NW,HDN,6
NW,HLN,-1
NW,HNL,6
NW,HOU,4
NW,HPN,3
NW,IAD,4
NW,IAH,3
NW,ICT,0
NW,IND,2
NW,JAC,5
NW,JAN,0
NW,JAX,6
NW,JFK,10
NW,KOA,0
NW,LAN,1
NW,LAS,5
NW,LAX,5
NW,LEX,1
NW,LGA,9
NW,LIT,1
NW,LSE,0
NW,MBS,0
NW,MCI,1
NW,MCO,5
NW,MDT,0
NW,MDW,3
NW,MEM,6
NW,MHT,2
NW,MIA,4
NW,MIB,-7
NW,MKE,2
NW,MOT,1
NW,MSN,2
NW,MSO,4
NW,MSP,7
NW,MSY,2
NW,MYR,1
NW,OGG,4
NW,OKC,0
NW,OMA,3
NW,ONT,3
NW,ORD,6
NW,ORF,6
NW,PBI,4
NW,PDX,4
NW,PHL,6
NW,PHX,6
NW,PIT,3
NW,PLN,-7
NW,PSP,3
NW,PVD,2
NW,PWM,5
NW,RAP,3
NW,RDR,-1
NW,RDU,4
NW,RIC,3
NW,RNO,4
NW,ROC,3
NW,RST,0
NW,RSW,5
NW,SAN,2
NW,SAT,1
NW,SAV,7
NW,SBN,3
NW,SDF,4
NW,SEA,6
NW,SFO,4
NW,SGF,4
NW,SJC,2
NW,SJU,18
NW,SLC,2
NW,SMF,3
NW,SNA,1
NW,SRQ,5
NW,STL,3
NW,STT,31
NW,SUX,0
NW,SYR,1
NW,TPA,5
NW,TUS,2
NW,TVC,4
NW,TYS,3
NW,VPS,1
NW,XNA,2
OH,ABE,6
OH,ABY,17
OH,ACK,26
OH,ACY,2
OH,AGS,4
OH,ALB,5
OH,ATL,16
OH,ATW,4
OH,AUS,10
OH,AVL,5
OH,AVP,5
OH,AZO,2
OH,BDL,8
OH,BGM,1
OH,BGR,6
OH,BHM,7
OH,BIL,1
OH,BNA,8
OH,BOS,11
OH,BTR,10
OH,BTV,8
OH,BUF,11
OH,BWI,12
OH,CAE,8
OH,CAK,6
OH,CHA,3
OH,CHO,0
OH,CHS,7
OH,CID,0
OH,CKB,25
OH,CLE,9
OH,CLT,10
OH,CMH,10
OH,CMI,0
OH,COS,9
OH,CRW,2
OH,CVG,7
OH,DAB,14
OH,DAY,3
OH,DCA,8
OH,DEN,6
OH,DFW,9
OH,DSM,3
OH,DTW,7
OH,ERI,0
OH,EVV,2
OH,EWR,16
OH,FLL,11
OH,FNT,5
OH,FSD,0
OH,FWA,2
OH,GNV,52
OH,GPT,12
OH,GRB,1
OH,GRR,2
OH,GSO,8
OH,GSP,6
OH,HLN,-1
OH,HOU,6
OH,HPN,8
OH,HSV,4
OH,HTS,0
OH,HVN,5
OH,IAD,10
OH,IAH,9
OH,ICT,6
OH,ILM,13
OH,IND,5
OH,ISP,8
OH,JAN,3
OH,JAX,10
OH,JFK,15
OH,LAN,2
OH,LEX,3
OH,LGA,12
OH,LIT,5
OH,MCI,6
OH,MCN,59
OH,MCO,9
OH,MDT,7
OH,MDW,15
OH,MEM,6
OH,MHT,8
OH,MIA,11
OH,MKE,5
OH,MLB,8
OH,MLI,3
OH,MOB,23
OH,MSN,1
OH,MSP,10
OH,MSY,11
OH,MYR,6
OH,OKC,5
OH,OMA,5
OH,ORD,14
OH,ORF,10
OH,PBI,12
OH,PFN,1
OH,PHF,11
OH,PHL,14
OH,PHX,1
OH,PIT,9
OH,PNS,5
OH,PVD,7
OH,PWM,9
OH,RDU,11
OH,RIC,9
OH,RNO,52
OH,ROA,3
OH,ROC,10
OH,RSW,12
OH,SAT,7
OH,SAV,9
OH,SBA,2
OH,SBN,5
OH,SCE,0
OH,SDF,7
OH,SEA,11
OH,SFO,9
OH,SGF,2
OH,SHV,8
OH,SLC,4
OH,SRQ,9
OH,STL,6
OH,SWF,5
OH,SYR,8
OH,TLH,6
OH,TOL,2
OH,TPA,17
OH,TRI,3
OH,TTN,9
OH,TUL,4
OH,TVC,7
OH,TYS,4
OH,VPS,7
OH,XNA,4
OO,ABE,10
OO,ABI,6
OO,ABQ,4
OO,ACT,4
OO,ACV,10
OO,ALB,11
OO,AMA,85
OO,ASE,12
OO,ATL,13
OO,ATW,10
OO,AUS,8
OO,AVP,14
OO,AZO,9
OO,BDL,7
OO,BFF,131
OO,BFL,4
OO,BHM,12
OO,BIL,2
OO,BIS,3
OO,BLI,1
OO,BMI,7
OO,BNA,10
OO,BOI,7
OO,BPT,7
OO,BTM,0
OO,BTR,90
OO,BTV,12
OO,BUF,6
OO,BUR,7
OO,BWI,11
OO,BZN,4
OO,CAK,7
OO,CDC,3
OO,CEC,13
OO,CHS,14
OO,CIC,10
OO,CID,12
OO,CLD,3
OO,CLE,17
OO,CLL,3
OO,CLT,3
OO,CMH,8
OO,COD,1
OO,COS,7
OO,CPR,5
OO,CRW,15
OO,CVG,11
OO,CWA,11
OO,CYS,145
OO,DAB,1
OO,DAY,11
OO,DEN,7
OO,DFW,7
OO,DRO,3
OO,DSM,9
OO,DTW,15
OO,EKO,2
OO,ELP,2
OO,EUG,6
OO,EWR,28
OO,FAR,8
OO,FAT,7
OO,FCA,0
OO,FLL,-2
OO,FMN,203
OO,FNT,1
OO,FSD,11
OO,FWA,11
OO,GCC,4
OO,GEG,3
OO,GJT,5
OO,GRB,9
OO,GRK,6
OO,GRR,6
OO,GSO,7
OO,GSP,7
OO,GTF,0
OO,GUC,19
OO,HDN,7
OO,HLN,0
OO,HOU,7
OO,HPN,13
OO,HSV,4
OO,IAD,28
OO,IAH,6
OO,ICT,10
OO,IDA,1
OO,ILE,9
OO,IND,15
OO,IPL,3
OO,IYK,0
OO,JAC,4
OO,JAN,4
OO,JAX,13
OO,LAN,11
OO,LAS,7
OO,LAX,4
OO,LBB,120
OO,LEX,12
OO,LGB,1
OO,LIT,7
OO,LMT,19
OO,LNK,9
OO,LWS,1
OO,MBS,10
OO,MCI,7
OO,MDT,18
OO,MEM,11
OO,MFR,8
OO,MGM,0
OO,MKC,8
OO,MKE,12
OO,MKG,2
OO,MLI,10
OO,MLU,4
OO,MOB,4
OO,MOD,9
OO,MRY,7
OO,MSN,9
OO,MSO,3
OO,MSP,9
OO,MSY,6
OO,MTJ,4
OO,OAK,4
OO,OGD,143
OO,OKC,7
OO,OMA,7
OO,ONT,5
OO,ORD,14
OO,ORF,16
OO,OTH,21
OO,OXR,1
OO,PDX,2
OO,PFN,4
OO,PHL,9
OO,PHX,4
OO,PIA,11
OO,PIH,0
OO,PIT,11
OO,PMD,11
OO,PNS,3
OO,PSC,2
OO,PSP,6
OO,PUB,69
OO,PVD,20
OO,PVU,0
OO,PWM,6
OO,RAP,3
OO,RDD,10
OO,RDM,5
OO,RDU,9
OO,RFD,1
OO,RIC,5
OO,RKS,4
OO,RNO,8
OO,ROA,17
OO,ROC,6
OO,SAN,3
OO,SAT,7
OO,SAV,17
OO,SBA,6
OO,SBN,11
OO,SBP,7
OO,SDF,13
OO,SEA,2
OO,SFO,10
OO,SGF,14
OO,SGU,2
OO,SHV,37
OO,SJC,2
OO,SJT,6
OO,SLC,5
OO,SLE,2
OO,SMF,9
OO,SMX,2
OO,SNA,4
OO,SPI,14
OO,STL,11
OO,SUN,1
OO,SUX,420
OO,SYR,11
OO,TLH,5
OO,TUL,7
OO,TUS,3
OO,TVC,14
OO,TWF,3
OO,TXK,3
OO,TYR,4
OO,TYS,10
OO,VCT,2
OO,VIS,0
OO,VPS,13
OO,WYS,0
OO,XNA,9
OO,YKM,4
OO,YUM,4
TW,ABQ,6
TW,ANC,7
TW,ATL,6
TW,AUS,4
TW,BDL,5
TW,BNA,4
TW,BOS,9
TW,BWI,8
TW,CID,2
TW,CLE,8
TW,CLT,3
TW,CMH,7
TW,COS,3
TW,CVG,5
TW,DAY,4
TW,DCA,6
TW,DEN,9
TW,DFW,3
TW,DSM,2
TW,DTW,6
TW,ELP,4
TW,EWR,12
TW,FLL,7
TW,FSD,5
TW,HDN,10
TW,HNL,7
TW,HOU,7
TW,IAD,4
TW,IAH,5
TW,ICT,4
TW,IND,5
TW,JAX,4
TW,JFK,6
TW,KOA,3
TW,LAS,8
TW,LAX,8
TW,LGA,8
TW,LIT,6
TW,LNK,4
TW,MCI,5
TW,MCO,8
TW,MDT,0
TW,MFE,0
TW,MIA,10
TW,MKE,4
TW,MLI,3
TW,MSP,5
TW,MSY,6
TW,OGG,17
TW,OKC,6
TW,OMA,6
TW,ONT,4
TW,ORD,11
TW,ORF,2
TW,PBI,11
TW,PDX,8
TW,PHL,6
TW,PHX,6
TW,PIA,3
TW,PIT,3
TW,PSP,3
TW,PWM,2
TW,RDU,3
TW,RIC,6
TW,RNO,4
TW,RSW,4
TW,SAN,5
TW,SAT,2
TW,SDF,4
TW,SEA,8
TW,SFO,10
TW,SGF,2
TW,SHV,5
TW,SJC,5
TW,SJU,5
TW,SLC,10
TW,SMF,7
TW,SNA,3
TW,SRQ,5
TW,STL,9
TW,TPA,6
TW,TUL,4
TW,TYS,4
TZ,ABQ,-11
TZ,BOS,3
TZ,BWI,11
TZ,CLT,0
TZ,DCA,2
TZ,DEN,2
TZ,DFW,3
TZ,EWR,7
TZ,FLL,2
TZ,HNL,7
TZ,HOU,22
TZ,IND,5
TZ,ITO,0
TZ,KOA,14
TZ,LAS,3
TZ,LAX,4
TZ,LGA,7
TZ,LIH,12
TZ,MCO,2
TZ,MDW,7
TZ,MIA,1
TZ,MSP,0
TZ,OAK,10
TZ,OGG,4
TZ,ONT,4
TZ,ORD,0
TZ,PHL,5
TZ,PHX,3
TZ,PIE,1
TZ,PIT,1
TZ,RSW,1
TZ,SEA,6
TZ,SFO,3
TZ,SJC,0
TZ,SJU,3
TZ,SRQ,0
TZ,TPA,32
UA,ABE,8
UA,ABQ,5
UA,ALB,11
UA,ANC,7
UA,ATL,10
UA,AUS,6
UA,BDL,7
UA,BHM,8
UA,BIL,5
UA,BNA,10
UA,BOI,8
UA,BOS,8
UA,BTV,11
UA,BUF,11
UA,BUR,10
UA,BWI,7
UA,BZN,8
UA,CID,7
UA,CLE,9
UA,CLT,10
UA,CMH,8
UA,COS,5
UA,CVG,8
UA,DAY,10
UA,DCA,6
UA,DEN,10
UA,DFW,9
UA,DSM,7
UA,DTW,8
UA,EGE,9
UA,EUG,14
UA,EWR,10
UA,FLL,8
UA,FSD,6
UA,GEG,6
UA,GRR,8
UA,GSO,11
UA,GUC,7
UA,HDN,5
UA,HNL,4
UA,HPN,8
UA,IAD,10
UA,IAH,7
UA,ICT,6
UA,IND,9
UA,JAC,9
UA,JAX,12
UA,JFK,5
UA,KOA,6
UA,LAS,11
UA,LAX,9
UA,LGA,10
UA,LIH,3
UA,LNK,8
UA,MBS,8
UA,MCI,8
UA,MCO,8
UA,MDT,9
UA,MDW,8
UA,MEM,10
UA,MFR,14
UA,MHT,10
UA,MIA,7
UA,MKE,4
UA,MRY,12
UA,MSN,6
UA,MSO,4
UA,MSP,8
UA,MSY,7
UA,MTJ,6
UA,OAK,7
UA,OGG,6
UA,OKC,4
UA,OMA,7
UA,ONT,8
UA,ORD,13
UA,ORF,10
UA,PBI,10
UA,PDX,8
UA,PHL,10
UA,PHX,10
UA,PIT,9
UA,PSP,8
UA,PVD,8
UA,PWM,10
UA,RAP,17
UA,RDU,10
UA,RIC,12
UA,RNO,10
UA,ROC,8
UA,RSW,8
UA,SAN,10
UA,SAT,7
UA,SBA,16
UA,SDF,10
UA,SEA,9
UA,SFO,10
UA,SJC,8
UA,SJU,8
UA,SLC,10
UA,SMF,8
UA,SNA,7
UA,STL,8
UA,STT,5
UA,SYR,6
UA,TPA,8
UA,TUL,4
UA,TUS,6
UA,TYS,9
US,ABE,1
US,ABI,0
US,ABQ,1
US,AGS,27
US,ALB,4
US,ANC,13
US,ATL,10
US,AUS,1
US,AVL,0
US,AVP,1
US,BDL,6
US,BGM,4
US,BGR,24
US,BHM,1
US,BNA,2
US,BOI,2
US,BOS,6
US,BTV,6
US,BUF,6
US,BUR,1
US,BWI,7
US,CAE,1
US,CAK,1
US,CHA,0
US,CHS,0
US,CLE,4
US,CLT,8
US,CMH,5
US,CRW,3
US,CVG,0
US,DAB,0
US,DAY,2
US,DCA,4
US,DEN,4
US,DFW,6
US,DTW,5
US,EGE,17
US,ELM,1
US,ELP,1
US,ERI,1
US,EWR,10
US,EYW,0
US,FAT,3
US,FAY,0
US,FCA,19
US,FLL,8
US,GEG,2
US,GRR,2
US,GSO,4
US,GSP,3
US,HNL,9
US,HPN,4
US,HSV,1
US,IAD,7
US,IAH,4
US,ILM,0
US,IND,4
US,ITH,0
US,JAX,5
US,JFK,11
US,KOA,0
US,LAS,9
US,LAX,4
US,LEX,2
US,LGA,5
US,LGB,0
US,LIH,2
US,LWB,2
US,MCI,2
US,MCO,8
US,MDT,0
US,MDW,9
US,MEM,2
US,MHT,5
US,MIA,5
US,MKE,3
US,MSP,3
US,MSY,5
US,MYR,0
US,OAK,3
US,OGG,3
US,OMA,2
US,ONT,2
US,ORD,11
US,ORF,4
US,PBI,6
US,PDX,5
US,PHL,13
US,PHX,8
US,PIT,7
US,PNS,0
US,PVD,4
US,PWM,6
US,RDU,6
US,RIC,4
US,RNO,5
US,ROA,2
US,ROC,5
US,RSW,4
US,SAN,3
US,SAT,2
US,SAV,0
US,SBN,1
US,SDF,4
US,SEA,6
US,SFO,5
US,SJC,2
US,SJU,9
US,SLC,4
US,SMF,5
US,SNA,2
US,SRQ,1
US,STL,6
US,STT,6
US,STX,2
US,SYR,4
US,TOL,1
US,TPA,8
US,TRI,0
US,TUS,1
US,TYS,2
WN,ABQ,9
WN,ALB,7
WN,AMA,7
WN,AUS,7
WN,BDL,9
WN,BHM,8
WN,BNA,9
WN,BOI,6
WN,BUF,7
WN,BUR,8
WN,BWI,11
WN,CLE,10
WN,CMH,8
WN,CRP,7
WN,DAL,9
WN,DEN,10
WN,DTW,10
WN,ELP,8
WN,FLL,8
WN,GEG,6
WN,HOU,10
WN,HRL,8
WN,IAD,8
WN,IAH,6
WN,IND,8
WN,ISP,7
WN,JAN,7
WN,JAX,8
WN,LAS,11
WN,LAX,10
WN,LBB,7
WN,LIT,9
WN,MAF,6
WN,MCI,9
WN,MCO,8
WN,MDW,12
WN,MHT,9
WN,MSY,9
WN,OAK,9
WN,OKC,7
WN,OMA,9
WN,ONT,8
WN,ORF,7
WN,PBI,6
WN,PDX,8
WN,PHL,15
WN,PHX,10
WN,PIT,11
WN,PVD,9
WN,RDU,9
WN,RNO,8
WN,RSW,8
WN,SAN,9
WN,SAT,7
WN,SDF,9
WN,SEA,8
WN,SFO,14
WN,SJC,8
WN,SLC,9
WN,SMF,9
WN,SNA,8
WN,STL,10
WN,TPA,8
WN,TUL,7
WN,TUS,8
XE,ABE,-3
XE,ABI,-4
XE,ABQ,4
XE,ACK,22
XE,AEX,1
XE,AGS,12
XE,ALB,10
XE,AMA,4
XE,ATL,8
XE,AUS,2
XE,AVL,13
XE,BDL,6
XE,BFL,1
XE,BGR,27
XE,BHM,6
XE,BIL,4
XE,BNA,9
XE,BOI,5
XE,BOS,8
XE,BPT,0
XE,BRO,3
XE,BTR,6
XE,BTV,12
XE,BUF,13
XE,BWI,11
XE,CAE,15
XE,CHA,2
XE,CHS,13
XE,CLE,4
XE,CLL,1
XE,CLT,12
XE,CMH,9
XE,COS,2
XE,CRP,3
XE,CRW,4
XE,CVG,11
XE,DAB,18
XE,DAL,5
XE,DAY,5
XE,DCA,4
XE,DEN,4
XE,DFW,4
XE,DRO,4
XE,DSM,3
XE,DTW,13
XE,EFD,-1
XE,ELP,3
XE,ERI,2
XE,EUG,2
XE,EWR,15
XE,FAT,0
XE,FCA,0
XE,FLL,1
XE,GEG,3
XE,GPT,5
XE,GRK,6
XE,GRR,7
XE,GSO,12
XE,GSP,6
XE,GUC,0
XE,HDN,0
XE,HOU,-4
XE,HPN,0
XE,HRL,2
XE,HSV,5
XE,IAD,10
XE,IAH,6
XE,ICT,2
XE,IDA,-1
XE,ILE,2
XE,IND,6
XE,ISP,0
XE,JAN,5
XE,JAX,8
XE,JFK,7
XE,LAS,3
XE,LAX,9
XE,LBB,4
XE,LCH,3
XE,LEX,13
XE,LFT,4
XE,LGA,5
XE,LGB,1
XE,LIT,6
XE,LRD,0
XE,MAF,4
XE,MCI,6
XE,MCO,1
XE,MDT,-4
XE,MDW,5
XE,MEM,11
XE,MFE,4
XE,MGM,5
XE,MHT,9
XE,MIA,1
XE,MKE,10
XE,MLU,3
XE,MOB,3
XE,MRY,6
XE,MSN,11
XE,MSP,9
XE,MSY,4
XE,MTJ,1
XE,MYR,13
XE,OAK,9
XE,OKC,5
XE,OMA,8
XE,ONT,5
XE,ORD,12
XE,ORF,10
XE,PBI,1
XE,PDX,5
XE,PHL,5
XE,PHX,5
XE,PIT,13
XE,PNS,3
XE,PSP,0
XE,PUB,27
XE,PVD,13
XE,PWM,13
XE,RAP,0
XE,RDU,7
XE,RIC,10
XE,RNO,4
XE,ROC,13
XE,RSW,2
XE,SAN,9
XE,SAT,4
XE,SAV,13
XE,SBA,10
XE,SBN,-1
XE,SDF,10
XE,SEA,11
XE,SFO,11
XE,SHV,3
XE,SJC,2
XE,SJT,-4
XE,SLC,5
XE,SMF,6
XE,SRQ,1
XE,STL,10
XE,SYR,11
XE,TLH,6
XE,TPA,2
XE,TUL,6
XE,TUS,4
XE,TWF,100
XE,TXK,1
XE,TYR,6
XE,TYS,8
XE,VCT,0
XE,VPS,3
XE,XNA,9
YV,ABE,20
YV,ABQ,0
YV,AGS,8
YV,ALB,4
YV,ASE,9
YV,ATL,16
YV,ATW,16
YV,AUS,7
YV,AVL,-1
YV,AVP,26
YV,BDL,16
YV,BFL,4
YV,BHM,16
YV,BIL,0
YV,BMI,22
YV,BNA,18
YV,BOI,4
YV,BOS,24
YV,BTV,22
YV,BUF,21
YV,BUR,3
YV,BWI,5
YV,CAE,20
YV,CAK,24
YV,CHA,-2
YV,CHO,1
YV,CHS,12
YV,CID,20
YV,CLD,1
YV,CLE,13
YV,CLT,12
YV,CMH,7
YV,COD,0
YV,COS,8
YV,CPR,3
YV,CRW,7
YV,CVG,-4
YV,CWA,23
YV,DAB,11
YV,DAY,22
YV,DCA,10
YV,DEN,9
YV,DFW,9
YV,DRO,5
YV,DSM,10
YV,DTW,13
YV,EGE,5
YV,ELP,4
YV,EUG,3
YV,EWR,17
YV,FAT,4
YV,FAY,8
YV,FCA,17
YV,FLG,4
YV,FSD,22
YV,FWA,20
YV,GCC,9
YV,GEG,5
YV,GJT,8
YV,GNV,0
YV,GRB,21
YV,GRR,19
YV,GSO,13
YV,GSP,18
YV,GUC,4
YV,HDN,3
YV,HNL,0
YV,HSV,13
YV,IAD,20
YV,IAH,10
YV,ICT,0
YV,ILM,4
YV,IND,6
YV,ITO,1
YV,JAC,6
YV,JAN,10
YV,JAX,13
YV,JFK,17
YV,KOA,1
YV,LAN,22
YV,LAS,8
YV,LAX,5
YV,LEX,3
YV,LGA,16
YV,LGB,0
YV,LIH,0
YV,LIT,2
YV,LNK,31
YV,MBS,22
YV,MCI,12
YV,MDT,14
YV,MDW,15
YV,MEM,9
YV,MFR,3
YV,MGM,2
YV,MHT,12
YV,MKE,22
YV,MLI,22
YV,MOB,1
YV,MRY,2
YV,MSN,20
YV,MSP,8
YV,MSY,6
YV,MTJ,3
YV,MYR,9
YV,OAJ,8
YV,OAK,0
YV,OGG,1
YV,OKC,13
YV,OMA,0
YV,ONT,2
YV,ORD,24
YV,ORF,14
YV,PDX,5
YV,PHF,4
YV,PHL,17
YV,PHX,8
YV,PIT,17
YV,PNS,3
YV,PSP,4
YV,PVD,13
YV,PWM,13
YV,RAP,7
YV,RDU,17
YV,RIC,9
YV,RKS,3
YV,RNO,4
YV,ROA,20
YV,ROC,17
YV,SAN,4
YV,SAT,3
YV,SAV,14
YV,SBA,5
YV,SBN,18
YV,SBP,5
YV,SDF,6
YV,SEA,4
YV,SFO,10
YV,SJC,0
YV,SLC,3
YV,SMF,0
YV,SNA,5
YV,SPI,27
YV,SRQ,3
YV,STL,7
YV,SYR,16
YV,TEX,9
YV,TLH,6
YV,TRI,0
YV,TUS,4
YV,TVC,18
YV,TYS,13
YV,XNA,11
YV,YUM,6
